k,lagt til,recall,recall_std,accuracy,fn
1,ring-number,0.9805346214796359,0.008757031029940061,0.5382373423343401,12.2
2,gill-attachment,0.9805346214796359,0.008757031029940061,0.5611640907206727,12.2
3,veil-color,0.9805346214796359,0.008757031029940061,0.5611640907206727,12.2
4,odor,0.9706386209497022,0.007604343127817164,0.985844732634571,18.4
5,population,0.9916994053533486,0.0036445262297576417,0.993844969503168,5.2
6,stalk-surface-above-ring,1.0,0.0,0.9978456801089596,0.0
7,bruises,1.0,0.0,0.9978456801089596,0.0
8,gill-spacing,1.0,0.0,0.9978456801089596,0.0
9,spore-print-color,1.0,0.0,1.0,0.0
10,cap-color,1.0,0.0,1.0,0.0
