k,lagt til,f2,recall,recall_std,precision,accuracy,fn
1,odor,0.9750729177715873,0.9690432150664201,0.007516956460386536,1.0,0.9850753834310415,19.4
2,spore-print-color,0.990784972766002,0.9885085935867842,0.00237198747545213,1.0,0.9944607094214485,7.2
3,stalk-surface-below-ring,0.9979574927706972,0.9984045941167178,0.0027624417143519877,0.9961848841049136,0.997384496950317,1.0
4,cap-surface,0.999170572171758,0.9993620414673046,0.001426518645932871,0.9984091509633799,0.9989230769230769,0.4
5,gill-size,0.9994893073731248,0.9993620414673046,0.001426518645932871,1.0,0.9996923076923077,0.4
6,cap-shape,0.9994893073731248,0.9993620414673046,0.001426518645932871,1.0,0.9996923076923077,0.4
7,cap-color,0.9994893073731248,0.9993620414673046,0.001426518645932871,1.0,0.9996923076923077,0.4
8,bruises,0.9994893073731248,0.9993620414673046,0.001426518645932871,1.0,0.9996923076923077,0.4
9,gill-attachment,0.9994893073731248,0.9993620414673046,0.001426518645932871,1.0,0.9996923076923077,0.4
10,gill-spacing,0.9994893073731248,0.9993620414673046,0.001426518645932871,1.0,0.9996923076923077,0.4
