n_estimators,max_depth,Recall (snitt),Recall (std),Accuracy (snitt)
50,,1.0,0.0,1.0
100,,1.0,0.0,1.0
200,,1.0,0.0,1.0
50,5,0.9789392155963537,0.007431599484383225,0.9898454432403625
100,5,0.9789392155963537,0.007431599484383225,0.9898454432403625
200,5,0.9789392155963537,0.007431599484383225,0.9898454432403625
100,3,0.9687293313155092,0.018607613783726305,0.9849217741457925
200,3,0.9345791868576466,0.027032547829576863,0.9684591697755669
50,3,0.9253165588965151,0.01450218530769476,0.9639951441937585
